publication_ID	last_name	first_name	first_name_abbr	extra	position	h_index_real	updated_at
250001	Balázs		C.			-1	2023-01-06 17:11:05.425728+00:00
250001	Berger		E. L.			-1	2023-01-06 17:11:05.425728+00:00
250001	Nadolsky		P. M.			-1	2023-01-06 17:11:05.425728+00:00
250001	Yuan		C.-P.			-1	2023-01-06 17:11:05.425728+00:00
250001	Nadolsky		P.			-1	2023-01-06 17:11:05.425728+00:00
250002	Streinu	Ileana	I.			-1	2023-01-06 17:11:05.425728+00:00
250002	Theran	Louis	L.			-1	2023-01-06 17:11:05.425728+00:00
250003	Pan	Hongjun	H.			-1	2023-01-06 17:11:05.425728+00:00
250004	Callan	David	D.			-1	2023-01-06 17:11:05.425728+00:00
250005	Abu-Shammala	Wael	W.			-1	2023-01-06 17:11:05.425728+00:00
250005	Torchinsky	Alberto	A.			-1	2023-01-06 17:11:05.425728+00:00
250006	Pong		Y. H.			-1	2023-01-06 17:11:05.425728+00:00
250006	Law		C. K.			-1	2023-01-06 17:11:05.425728+00:00
250007	Corichi	Alejandro	A.			-1	2023-01-06 17:11:05.425728+00:00
250007	Vukasinac	Tatjana	T.			-1	2023-01-06 17:11:05.425728+00:00
250007	Zapata	Jose A.	J. A.			-1	2023-01-06 17:11:05.425728+00:00
250007	Vukašinac	Tatjana	T.			-1	2023-01-06 17:11:05.425728+00:00
250008	Swift	Damian C.	D. C.			-1	2023-01-06 17:11:05.425728+00:00
250009	Harvey	Paul	P.			-1	2023-01-06 17:11:05.425728+00:00
250009	Merin	Bruno	B.			-1	2023-01-06 17:11:05.425728+00:00
250009	Huard	Tracy L.	T. L.			-1	2023-01-06 17:11:05.425728+00:00
250009	Rebull	Luisa M.	L. M.			-1	2023-01-06 17:11:05.425728+00:00
250009	Chapman	Nicholas	N.			-1	2023-01-06 17:11:05.425728+00:00
250009	Evans	Neal J.	N. J.	II		-1	2023-01-06 17:11:05.425728+00:00
250009	Myers	Philip C.	P. C.			-1	2023-01-06 17:11:05.425728+00:00
250009	Evans Ii	Neal J.	N. J.			-1	2023-01-06 17:11:05.425728+00:00
250010	Ovchinnikov	Sergei	S.			-1	2023-01-06 17:11:05.425728+00:00
250011	Cunningham	Clifton	C.			-1	2023-01-06 17:11:05.425728+00:00
250011	Dembele	Lassina	L.			-1	2023-01-06 17:11:05.425728+00:00
250012	Choi	Dohoon	D.			-1	2023-01-06 17:11:05.425728+00:00
250013	Choi	Dohoon	D.			-1	2023-01-06 17:11:05.425728+00:00
250013	Choie	YoungJu	Y.			-1	2023-01-06 17:11:05.425728+00:00
250014	Fujii	Koichi	K.			-1	2023-01-06 17:11:05.425728+00:00
250015	Stahn	Christian	C.			-1	2023-01-06 17:11:05.425728+00:00
250016	Chang	Chao-Hsi	C.-H.			-1	2023-01-06 17:11:05.425728+00:00
250016	Li	Tong	T.			-1	2023-01-06 17:11:05.425728+00:00
250016	Li	Xue-Qian	X.-Q.			-1	2023-01-06 17:11:05.425728+00:00
250016	Wang	Yu-Ming	Y.-M.			-1	2023-01-06 17:11:05.425728+00:00
250016	Hsi	Chang Chao	C. C.			-1	2023-01-06 17:11:05.425728+00:00
250016	Tong	Li	L.			-1	2023-01-06 17:11:05.425728+00:00
250016	Xue-Qian	Li	L.			-1	2023-01-06 17:11:05.425728+00:00
250016	Yu-Ming	Wang	W.			-1	2023-01-06 17:11:05.425728+00:00
250017	Mhlahlo	Nceba	N.			-1	2023-01-06 17:11:05.425728+00:00
250017	Buckley	David H.	D. H.			-1	2023-01-06 17:11:05.425728+00:00
250017	Dhillon	Vikram S.	V. S.			-1	2023-01-06 17:11:05.425728+00:00
250017	Potter	Steven B.	S. B.			-1	2023-01-06 17:11:05.425728+00:00
250017	Warner	Brian	B.			-1	2023-01-06 17:11:05.425728+00:00
250017	Woudt	Patric A.	P. A.			-1	2023-01-06 17:11:05.425728+00:00
250017	Buckley		D. A. H.			-1	2023-01-06 17:11:05.425728+00:00
250018	Gustavsson	Andreas	A.			-1	2023-01-06 17:11:05.425728+00:00
250019	Konno	Norio	N.			-1	2023-01-06 17:11:05.425728+00:00
250020	The BABAR Collaboration					-1	2023-01-06 17:11:05.425728+00:00
250020	Aubert		B.			-1	2023-01-06 17:11:05.425728+00:00
250020	Bona		M.			-1	2023-01-06 17:11:05.425728+00:00
250020	Boutigny		D.			-1	2023-01-06 17:11:05.425728+00:00
250020	Karyotakis		Y.			-1	2023-01-06 17:11:05.425728+00:00
250020	Lees		J. P.			-1	2023-01-06 17:11:05.425728+00:00
250020	Poireau		V.			-1	2023-01-06 17:11:05.425728+00:00
250020	Prudent		X.			-1	2023-01-06 17:11:05.425728+00:00
250020	Tisserand		V.			-1	2023-01-06 17:11:05.425728+00:00
250020	Zghiche		A.			-1	2023-01-06 17:11:05.425728+00:00
250020	Tico	J. Garra	J. G.			-1	2023-01-06 17:11:05.425728+00:00
250020	Grauges		E.			-1	2023-01-06 17:11:05.425728+00:00
250020	Lopez		L.			-1	2023-01-06 17:11:05.425728+00:00
250020	Palano		A.			-1	2023-01-06 17:11:05.425728+00:00
250020	Eigen		G.			-1	2023-01-06 17:11:05.425728+00:00
250020	Stugu		B.			-1	2023-01-06 17:11:05.425728+00:00
250020	Sun		L.			-1	2023-01-06 17:11:05.425728+00:00
250020	Abrams		G. S.			-1	2023-01-06 17:11:05.425728+00:00
250020	Battaglia		M.			-1	2023-01-06 17:11:05.425728+00:00
250020	Brown		D. N.			-1	2023-01-06 17:11:05.425728+00:00
250020	Button-Shafer		J.			-1	2023-01-06 17:11:05.425728+00:00
250020	Cahn		R. N.			-1	2023-01-06 17:11:05.425728+00:00
250020	Groysman		Y.			-1	2023-01-06 17:11:05.425728+00:00
250020	Jacobsen		R. G.			-1	2023-01-06 17:11:05.425728+00:00
250020	Kadyk		J. A.			-1	2023-01-06 17:11:05.425728+00:00
250020	Kerth		L. T.			-1	2023-01-06 17:11:05.425728+00:00
250020	Kolomensky	Yu. G.	Y. G.			-1	2023-01-06 17:11:05.425728+00:00
250020	Kukartsev		G.			-1	2023-01-06 17:11:05.425728+00:00
250020	Pegna	D. Lopes	D. L.			-1	2023-01-06 17:11:05.425728+00:00
250020	Lynch		G.			-1	2023-01-06 17:11:05.425728+00:00
250020	Mir		L. M.			-1	2023-01-06 17:11:05.425728+00:00
250020	Orimoto		T. J.			-1	2023-01-06 17:11:05.425728+00:00
250020	Ronan		M. T.			-1	2023-01-06 17:11:05.425728+00:00
250020	Tackmann		K.			-1	2023-01-06 17:11:05.425728+00:00
250020	Wenzel		W. A.			-1	2023-01-06 17:11:05.425728+00:00
250020	Del Amo Sanchez		P.			-1	2023-01-06 17:11:05.425728+00:00
250020	Hawkes		C. M.			-1	2023-01-06 17:11:05.425728+00:00
250020	Watson		A. T.			-1	2023-01-06 17:11:05.425728+00:00
250020	Held		T.			-1	2023-01-06 17:11:05.425728+00:00
250020	Koch		H.			-1	2023-01-06 17:11:05.425728+00:00
250020	Lewandowski		B.			-1	2023-01-06 17:11:05.425728+00:00
250020	Pelizaeus		M.			-1	2023-01-06 17:11:05.425728+00:00
250020	Schroeder		T.			-1	2023-01-06 17:11:05.425728+00:00
250020	Steinke		M.			-1	2023-01-06 17:11:05.425728+00:00
250020	Walker		D.			-1	2023-01-06 17:11:05.425728+00:00
250020	Asgeirsson		D. J.			-1	2023-01-06 17:11:05.425728+00:00
250020	Cuhadar-Donszelmann		T.			-1	2023-01-06 17:11:05.425728+00:00
250020	Fulsom		B. G.			-1	2023-01-06 17:11:05.425728+00:00
250020	Hearty		C.			-1	2023-01-06 17:11:05.425728+00:00
250020	Knecht		N. S.			-1	2023-01-06 17:11:05.425728+00:00
250020	Mattison		T. S.			-1	2023-01-06 17:11:05.425728+00:00
250020	Mckenna		J. A.			-1	2023-01-06 17:11:05.425728+00:00
250020	Khan		A.			-1	2023-01-06 17:11:05.425728+00:00
250020	Saleem		M.			-1	2023-01-06 17:11:05.425728+00:00
250020	Teodorescu		L.			-1	2023-01-06 17:11:05.425728+00:00
250020	Blinov		V. E.			-1	2023-01-06 17:11:05.425728+00:00
250020	Bukin		A. D.			-1	2023-01-06 17:11:05.425728+00:00
250020	Druzhinin		V. P.			-1	2023-01-06 17:11:05.425728+00:00
250020	Golubev		V. B.			-1	2023-01-06 17:11:05.425728+00:00
250020	Onuchin		A. P.			-1	2023-01-06 17:11:05.425728+00:00
250020	Serednyakov		S. I.			-1	2023-01-06 17:11:05.425728+00:00
250020	Skovpen	Yu. I.	Y. I.			-1	2023-01-06 17:11:05.425728+00:00
250020	Solodov		E. P.			-1	2023-01-06 17:11:05.425728+00:00
250020	Todyshev	K. Yu	K. Y.			-1	2023-01-06 17:11:05.425728+00:00
250020	Bondioli		M.			-1	2023-01-06 17:11:05.425728+00:00
250020	Curry		S.			-1	2023-01-06 17:11:05.425728+00:00
250020	Eschrich		I.			-1	2023-01-06 17:11:05.425728+00:00
250020	Kirkby		D.			-1	2023-01-06 17:11:05.425728+00:00
250020	Lankford		A. J.			-1	2023-01-06 17:11:05.425728+00:00
250020	Lund		P.			-1	2023-01-06 17:11:05.425728+00:00
250020	Mandelkern		M.			-1	2023-01-06 17:11:05.425728+00:00
250020	Martin		E. C.			-1	2023-01-06 17:11:05.425728+00:00
250020	Stoker		D. P.			-1	2023-01-06 17:11:05.425728+00:00
250020	Abachi		S.			-1	2023-01-06 17:11:05.425728+00:00
250020	Buchanan		C.			-1	2023-01-06 17:11:05.425728+00:00
250020	Foulkes		S. D.			-1	2023-01-06 17:11:05.425728+00:00
250020	Gary		J. W.			-1	2023-01-06 17:11:05.425728+00:00
250020	Liu		F.			-1	2023-01-06 17:11:05.425728+00:00
250020	Long		O.			-1	2023-01-06 17:11:05.425728+00:00
250020	Shen		B. C.			-1	2023-01-06 17:11:05.425728+00:00
250020	Zhang		L.			-1	2023-01-06 17:11:05.425728+00:00
250020	Paar		H. P.			-1	2023-01-06 17:11:05.425728+00:00
250020	Rahatlou		S.			-1	2023-01-06 17:11:05.425728+00:00
250020	Sharma		V.			-1	2023-01-06 17:11:05.425728+00:00
250020	Berryhill		J. W.			-1	2023-01-06 17:11:05.425728+00:00
250020	Campagnari		C.			-1	2023-01-06 17:11:05.425728+00:00
250020	Cunha		A.			-1	2023-01-06 17:11:05.425728+00:00
250020	Dahmes		B.			-1	2023-01-06 17:11:05.425728+00:00
250020	Hong		T. M.			-1	2023-01-06 17:11:05.425728+00:00
250020	Kovalskyi		D.			-1	2023-01-06 17:11:05.425728+00:00
250020	Richman		J. D.			-1	2023-01-06 17:11:05.425728+00:00
250020	Beck		T. W.			-1	2023-01-06 17:11:05.425728+00:00
250020	Eisner		A. M.			-1	2023-01-06 17:11:05.425728+00:00
250020	Flacco		C. J.			-1	2023-01-06 17:11:05.425728+00:00
250020	Heusch		C. A.			-1	2023-01-06 17:11:05.425728+00:00
250020	Kroseberg		J.			-1	2023-01-06 17:11:05.425728+00:00
250020	Lockman		W. S.			-1	2023-01-06 17:11:05.425728+00:00
250020	Schalk		T.			-1	2023-01-06 17:11:05.425728+00:00
250020	Schumm		B. A.			-1	2023-01-06 17:11:05.425728+00:00
250020	Seiden		A.			-1	2023-01-06 17:11:05.425728+00:00
250020	Williams		D. C.			-1	2023-01-06 17:11:05.425728+00:00
250020	Wilson		M. G.			-1	2023-01-06 17:11:05.425728+00:00
250020	Winstrom		L. O.			-1	2023-01-06 17:11:05.425728+00:00
250020	Chen		E.			-1	2023-01-06 17:11:05.425728+00:00
250020	Cheng		C. H.			-1	2023-01-06 17:11:05.425728+00:00
250020	Fang		F.			-1	2023-01-06 17:11:05.425728+00:00
250020	Hitlin		D. G.			-1	2023-01-06 17:11:05.425728+00:00
250020	Narsky		I.			-1	2023-01-06 17:11:05.425728+00:00
250020	Piatenko		T.			-1	2023-01-06 17:11:05.425728+00:00
250020	Porter		F. C.			-1	2023-01-06 17:11:05.425728+00:00
250020	Mancinelli		G.			-1	2023-01-06 17:11:05.425728+00:00
250020	Meadows		B. T.			-1	2023-01-06 17:11:05.425728+00:00
250020	Mishra		K.			-1	2023-01-06 17:11:05.425728+00:00
250020	Sokoloff		M. D.			-1	2023-01-06 17:11:05.425728+00:00
250020	Blanc		F.			-1	2023-01-06 17:11:05.425728+00:00
250020	Bloom		P. C.			-1	2023-01-06 17:11:05.425728+00:00
250020	Chen		S.			-1	2023-01-06 17:11:05.425728+00:00
250020	Ford		W. T.			-1	2023-01-06 17:11:05.425728+00:00
250020	Hirschauer		J. F.			-1	2023-01-06 17:11:05.425728+00:00
250020	Kreisel		A.			-1	2023-01-06 17:11:05.425728+00:00
250020	Nagel		M.			-1	2023-01-06 17:11:05.425728+00:00
250020	Nauenberg		U.			-1	2023-01-06 17:11:05.425728+00:00
250020	Olivas		A.			-1	2023-01-06 17:11:05.425728+00:00
250020	Smith		J. G.			-1	2023-01-06 17:11:05.425728+00:00
250020	Ulmer		K. A.			-1	2023-01-06 17:11:05.425728+00:00
250020	Wagner		S. R.			-1	2023-01-06 17:11:05.425728+00:00
250020	Zhang		J.			-1	2023-01-06 17:11:05.425728+00:00
250020	Gabareen		A. M.			-1	2023-01-06 17:11:05.425728+00:00
250020	Soffer		A.			-1	2023-01-06 17:11:05.425728+00:00
250020	Toki		W. H.			-1	2023-01-06 17:11:05.425728+00:00
250020	Wilson		R. J.			-1	2023-01-06 17:11:05.425728+00:00
250020	Winklmeier		F.			-1	2023-01-06 17:11:05.425728+00:00
250020	Zeng		Q.			-1	2023-01-06 17:11:05.425728+00:00
250020	Altenburg		D. D.			-1	2023-01-06 17:11:05.425728+00:00
250020	Feltresi		E.			-1	2023-01-06 17:11:05.425728+00:00
250020	Hauke		A.			-1	2023-01-06 17:11:05.425728+00:00
250020	Jasper		H.			-1	2023-01-06 17:11:05.425728+00:00
250020	Merkel		J.			-1	2023-01-06 17:11:05.425728+00:00
250020	Petzold		A.			-1	2023-01-06 17:11:05.425728+00:00
250020	Spaan		B.			-1	2023-01-06 17:11:05.425728+00:00
250020	Wacker		K.			-1	2023-01-06 17:11:05.425728+00:00
250020	Brandt		T.			-1	2023-01-06 17:11:05.425728+00:00
250020	Klose		V.			-1	2023-01-06 17:11:05.425728+00:00
250020	Kobel		M. J.			-1	2023-01-06 17:11:05.425728+00:00
250020	Lacker		H. M.			-1	2023-01-06 17:11:05.425728+00:00
250020	Mader		W. F.			-1	2023-01-06 17:11:05.425728+00:00
250020	Nogowski		R.			-1	2023-01-06 17:11:05.425728+00:00
250020	Schubert		J.			-1	2023-01-06 17:11:05.425728+00:00
250020	Schubert		K. R.			-1	2023-01-06 17:11:05.425728+00:00
250020	Schwierz		R.			-1	2023-01-06 17:11:05.425728+00:00
250020	Sundermann		J. E.			-1	2023-01-06 17:11:05.425728+00:00
250020	Volk		A.			-1	2023-01-06 17:11:05.425728+00:00
250020	Bernard		D.			-1	2023-01-06 17:11:05.425728+00:00
250020	Bonneaud		G. R.			-1	2023-01-06 17:11:05.425728+00:00
250020	Latour		E.			-1	2023-01-06 17:11:05.425728+00:00
250020	Lombardo		V.			-1	2023-01-06 17:11:05.425728+00:00
250020	Thiebaux	Ch.	C.			-1	2023-01-06 17:11:05.425728+00:00
250020	Verderi		M.			-1	2023-01-06 17:11:05.425728+00:00
250020	Clark		P. J.			-1	2023-01-06 17:11:05.425728+00:00
250020	Gradl		W.			-1	2023-01-06 17:11:05.425728+00:00
250020	Muheim		F.			-1	2023-01-06 17:11:05.425728+00:00
250020	Playfer		S.			-1	2023-01-06 17:11:05.425728+00:00
250020	Robertson		A. I.			-1	2023-01-06 17:11:05.425728+00:00
250020	Xie		Y.			-1	2023-01-06 17:11:05.425728+00:00
250020	Andreotti		M.			-1	2023-01-06 17:11:05.425728+00:00
250020	Bettoni		D.			-1	2023-01-06 17:11:05.425728+00:00
250020	Bozzi		C.			-1	2023-01-06 17:11:05.425728+00:00
250020	Calabrese		R.			-1	2023-01-06 17:11:05.425728+00:00
250020	Cecchi		A.			-1	2023-01-06 17:11:05.425728+00:00
250020	Cibinetto		G.			-1	2023-01-06 17:11:05.425728+00:00
250020	Franchini		P.			-1	2023-01-06 17:11:05.425728+00:00
250020	Luppi		E.			-1	2023-01-06 17:11:05.425728+00:00
250020	Negrini		M.			-1	2023-01-06 17:11:05.425728+00:00
250020	Petrella		A.			-1	2023-01-06 17:11:05.425728+00:00
250020	Piemontese		L.			-1	2023-01-06 17:11:05.425728+00:00
250020	Prencipe		E.			-1	2023-01-06 17:11:05.425728+00:00
250020	Santoro		V.			-1	2023-01-06 17:11:05.425728+00:00
250020	Anulli		F.			-1	2023-01-06 17:11:05.425728+00:00
250020	Baldini-Ferroli		R.			-1	2023-01-06 17:11:05.425728+00:00
250020	Calcaterra		A.			-1	2023-01-06 17:11:05.425728+00:00
250020	De Sangro		R.			-1	2023-01-06 17:11:05.425728+00:00
250020	Finocchiaro		G.			-1	2023-01-06 17:11:05.425728+00:00
250020	Pacetti		S.			-1	2023-01-06 17:11:05.425728+00:00
250020	Patteri		P.			-1	2023-01-06 17:11:05.425728+00:00
250020	Peruzzi		I. M.			-1	2023-01-06 17:11:05.425728+00:00
250020	Piccolo		M.			-1	2023-01-06 17:11:05.425728+00:00
250020	Rama		M.			-1	2023-01-06 17:11:05.425728+00:00
250020	Zallo		A.			-1	2023-01-06 17:11:05.425728+00:00
250020	Buzzo		A.			-1	2023-01-06 17:11:05.425728+00:00
250020	Contri		R.			-1	2023-01-06 17:11:05.425728+00:00
250020	Lo Vetere		M.			-1	2023-01-06 17:11:05.425728+00:00
250020	Macri		M. M.			-1	2023-01-06 17:11:05.425728+00:00
250020	Monge		M. R.			-1	2023-01-06 17:11:05.425728+00:00
250020	Passaggio		S.			-1	2023-01-06 17:11:05.425728+00:00
250020	Patrignani		C.			-1	2023-01-06 17:11:05.425728+00:00
250020	Robutti		E.			-1	2023-01-06 17:11:05.425728+00:00
250020	Santroni		A.			-1	2023-01-06 17:11:05.425728+00:00
250020	Tosi		S.			-1	2023-01-06 17:11:05.425728+00:00
250020	Chaisanguanthum		K. S.			-1	2023-01-06 17:11:05.425728+00:00
250020	Morii		M.			-1	2023-01-06 17:11:05.425728+00:00
250020	Wu		J.			-1	2023-01-06 17:11:05.425728+00:00
250020	Dubitzky		R. S.			-1	2023-01-06 17:11:05.425728+00:00
250020	Marks		J.			-1	2023-01-06 17:11:05.425728+00:00
250020	Schenk		S.			-1	2023-01-06 17:11:05.425728+00:00
250020	Uwer		U.			-1	2023-01-06 17:11:05.425728+00:00
250020	Bard		D. J.			-1	2023-01-06 17:11:05.425728+00:00
250020	Dauncey		P. D.			-1	2023-01-06 17:11:05.425728+00:00
250020	Flack		R. L.			-1	2023-01-06 17:11:05.425728+00:00
250020	Nash		J. A.			-1	2023-01-06 17:11:05.425728+00:00
250020	Nikolich		M. B.			-1	2023-01-06 17:11:05.425728+00:00
250020	Vazquez	W. Panduro	W. P.			-1	2023-01-06 17:11:05.425728+00:00
250020	Behera		P. K.			-1	2023-01-06 17:11:05.425728+00:00
250020	Chai		X.			-1	2023-01-06 17:11:05.425728+00:00
250020	Charles		M. J.			-1	2023-01-06 17:11:05.425728+00:00
250020	Mallik		U.			-1	2023-01-06 17:11:05.425728+00:00
250020	Meyer		N. T.			-1	2023-01-06 17:11:05.425728+00:00
250020	Ziegler		V.			-1	2023-01-06 17:11:05.425728+00:00
250020	Cochran		J.			-1	2023-01-06 17:11:05.425728+00:00
250020	Crawley		H. B.			-1	2023-01-06 17:11:05.425728+00:00
250020	Dong		L.			-1	2023-01-06 17:11:05.425728+00:00
250020	Eyges		V.			-1	2023-01-06 17:11:05.425728+00:00
250020	Meyer		W. T.			-1	2023-01-06 17:11:05.425728+00:00
250020	Prell		S.			-1	2023-01-06 17:11:05.425728+00:00
250020	Rosenberg		E. I.			-1	2023-01-06 17:11:05.425728+00:00
250020	Rubin		A. E.			-1	2023-01-06 17:11:05.425728+00:00
250020	Gritsan		A. V.			-1	2023-01-06 17:11:05.425728+00:00
250020	Guo		Z. J.			-1	2023-01-06 17:11:05.425728+00:00
250020	Lae		C. K.			-1	2023-01-06 17:11:05.425728+00:00
250020	Denig		A. G.			-1	2023-01-06 17:11:05.425728+00:00
250020	Fritsch		M.			-1	2023-01-06 17:11:05.425728+00:00
250020	Schott		G.			-1	2023-01-06 17:11:05.425728+00:00
250020	Arnaud		N.			-1	2023-01-06 17:11:05.425728+00:00
250020	Béquilleux		J.			-1	2023-01-06 17:11:05.425728+00:00
250020	Davier		M.			-1	2023-01-06 17:11:05.425728+00:00
250020	Grosdidier		G.			-1	2023-01-06 17:11:05.425728+00:00
250020	Höcker		A.			-1	2023-01-06 17:11:05.425728+00:00
250020	Lepeltier		V.			-1	2023-01-06 17:11:05.425728+00:00
250020	Le Diberder		F.			-1	2023-01-06 17:11:05.425728+00:00
250020	Lutz		A. M.			-1	2023-01-06 17:11:05.425728+00:00
250020	Pruvot		S.			-1	2023-01-06 17:11:05.425728+00:00
250020	Rodier		S.			-1	2023-01-06 17:11:05.425728+00:00
250020	Roudeau		P.			-1	2023-01-06 17:11:05.425728+00:00
250020	Schune		M. H.			-1	2023-01-06 17:11:05.425728+00:00
250020	Serrano		J.			-1	2023-01-06 17:11:05.425728+00:00
250020	Sordini		V.			-1	2023-01-06 17:11:05.425728+00:00
250020	Stocchi		A.			-1	2023-01-06 17:11:05.425728+00:00
250020	Wang		W. F.			-1	2023-01-06 17:11:05.425728+00:00
250020	Wormser		G.			-1	2023-01-06 17:11:05.425728+00:00
250020	Lange		D. J.			-1	2023-01-06 17:11:05.425728+00:00
250020	Wright		D. M.			-1	2023-01-06 17:11:05.425728+00:00
250020	Chavez		C. A.			-1	2023-01-06 17:11:05.425728+00:00
250020	Forster		I. J.			-1	2023-01-06 17:11:05.425728+00:00
250020	Fry		J. R.			-1	2023-01-06 17:11:05.425728+00:00
250020	Gabathuler		E.			-1	2023-01-06 17:11:05.425728+00:00
250020	Gamet		R.			-1	2023-01-06 17:11:05.425728+00:00
250020	Hutchcroft		D. E.			-1	2023-01-06 17:11:05.425728+00:00
250020	Payne		D. J.			-1	2023-01-06 17:11:05.425728+00:00
250020	Schofield		K. C.			-1	2023-01-06 17:11:05.425728+00:00
250020	Touramanis		C.			-1	2023-01-06 17:11:05.425728+00:00
250020	Bevan		A. J.			-1	2023-01-06 17:11:05.425728+00:00
250020	George		K. A.			-1	2023-01-06 17:11:05.425728+00:00
250020	Di Lodovico		F.			-1	2023-01-06 17:11:05.425728+00:00
250020	Menges		W.			-1	2023-01-06 17:11:05.425728+00:00
250020	Sacco		R.			-1	2023-01-06 17:11:05.425728+00:00
250020	Cowan		G.			-1	2023-01-06 17:11:05.425728+00:00
250020	Flaecher		H. U.			-1	2023-01-06 17:11:05.425728+00:00
250020	Hopkins		D. A.			-1	2023-01-06 17:11:05.425728+00:00
250020	Jackson		P. S.			-1	2023-01-06 17:11:05.425728+00:00
250020	Mcmahon		T. R.			-1	2023-01-06 17:11:05.425728+00:00
250020	Salvatore		F.			-1	2023-01-06 17:11:05.425728+00:00
250020	Wren		A. C.			-1	2023-01-06 17:11:05.425728+00:00
250020	Davis		C. L.			-1	2023-01-06 17:11:05.425728+00:00
250020	Allison		J.			-1	2023-01-06 17:11:05.425728+00:00
250020	Barlow		N. R.			-1	2023-01-06 17:11:05.425728+00:00
250020	Barlow		R. J.			-1	2023-01-06 17:11:05.425728+00:00
250020	Chia		Y. M.			-1	2023-01-06 17:11:05.425728+00:00
250020	Edgar		C. L.			-1	2023-01-06 17:11:05.425728+00:00
250020	Lafferty		G. D.			-1	2023-01-06 17:11:05.425728+00:00
250020	West		T. J.			-1	2023-01-06 17:11:05.425728+00:00
250020	Yi		J. I.			-1	2023-01-06 17:11:05.425728+00:00
250020	Anderson		J.			-1	2023-01-06 17:11:05.425728+00:00
250020	Chen		C.			-1	2023-01-06 17:11:05.425728+00:00
250020	Jawahery		A.			-1	2023-01-06 17:11:05.425728+00:00
250020	Roberts		D. A.			-1	2023-01-06 17:11:05.425728+00:00
250020	Simi		G.			-1	2023-01-06 17:11:05.425728+00:00
250020	Tuggle		J. M.			-1	2023-01-06 17:11:05.425728+00:00
250020	Blaylock		G.			-1	2023-01-06 17:11:05.425728+00:00
250020	Dallapiccola		C.			-1	2023-01-06 17:11:05.425728+00:00
250020	Hertzbach		S. S.			-1	2023-01-06 17:11:05.425728+00:00
250020	Li		X.			-1	2023-01-06 17:11:05.425728+00:00
250020	Moore		T. B.			-1	2023-01-06 17:11:05.425728+00:00
250020	Salvati		E.			-1	2023-01-06 17:11:05.425728+00:00
250020	Saremi		S.			-1	2023-01-06 17:11:05.425728+00:00
250020	Cowan		R.			-1	2023-01-06 17:11:05.425728+00:00
250020	Fisher		P. H.			-1	2023-01-06 17:11:05.425728+00:00
250020	Sciolla		G.			-1	2023-01-06 17:11:05.425728+00:00
250020	Sekula		S. J.			-1	2023-01-06 17:11:05.425728+00:00
250020	Spitznagel		M.			-1	2023-01-06 17:11:05.425728+00:00
250020	Taylor		F.			-1	2023-01-06 17:11:05.425728+00:00
250020	Yamamoto		R. K.			-1	2023-01-06 17:11:05.425728+00:00
250020	Mclachlin		S. E.			-1	2023-01-06 17:11:05.425728+00:00
250020	Patel		P. M.			-1	2023-01-06 17:11:05.425728+00:00
250020	Robertson		S. H.			-1	2023-01-06 17:11:05.425728+00:00
250020	Lazzaro		A.			-1	2023-01-06 17:11:05.425728+00:00
250020	Palombo		F.			-1	2023-01-06 17:11:05.425728+00:00
250020	Bauer		J. M.			-1	2023-01-06 17:11:05.425728+00:00
250020	Cremaldi		L.			-1	2023-01-06 17:11:05.425728+00:00
250020	Eschenburg		V.			-1	2023-01-06 17:11:05.425728+00:00
250020	Godang		R.			-1	2023-01-06 17:11:05.425728+00:00
250020	Kroeger		R.			-1	2023-01-06 17:11:05.425728+00:00
250020	Sanders		D. A.			-1	2023-01-06 17:11:05.425728+00:00
250020	Summers		D. J.			-1	2023-01-06 17:11:05.425728+00:00
250020	Zhao		H. W.			-1	2023-01-06 17:11:05.425728+00:00
250020	Brunet		S.			-1	2023-01-06 17:11:05.425728+00:00
250020	Côté		D.			-1	2023-01-06 17:11:05.425728+00:00
250020	Simard		M.			-1	2023-01-06 17:11:05.425728+00:00
250020	Taras		P.			-1	2023-01-06 17:11:05.425728+00:00
250020	Viaud		F. B.			-1	2023-01-06 17:11:05.425728+00:00
250020	Nicholson		H.			-1	2023-01-06 17:11:05.425728+00:00
250020	De Nardo		G.			-1	2023-01-06 17:11:05.425728+00:00
250020	Fabozzi		F.			-1	2023-01-06 17:11:05.425728+00:00
250020	Lista		L.			-1	2023-01-06 17:11:05.425728+00:00
250020	Monorchio		D.			-1	2023-01-06 17:11:05.425728+00:00
250020	Sciacca		C.			-1	2023-01-06 17:11:05.425728+00:00
250020	Baak		M. A.			-1	2023-01-06 17:11:05.425728+00:00
250020	Raven		G.			-1	2023-01-06 17:11:05.425728+00:00
250020	Snoek		H. L.			-1	2023-01-06 17:11:05.425728+00:00
250020	Jessop		C. P.			-1	2023-01-06 17:11:05.425728+00:00
250020	Losecco		J. M.			-1	2023-01-06 17:11:05.425728+00:00
250020	Benelli		G.			-1	2023-01-06 17:11:05.425728+00:00
250020	Corwin		L. A.			-1	2023-01-06 17:11:05.425728+00:00
250020	Gan		K. K.			-1	2023-01-06 17:11:05.425728+00:00
250020	Honscheid		K.			-1	2023-01-06 17:11:05.425728+00:00
250020	Hufnagel		D.			-1	2023-01-06 17:11:05.425728+00:00
250020	Kagan		H.			-1	2023-01-06 17:11:05.425728+00:00
250020	Kass		R.			-1	2023-01-06 17:11:05.425728+00:00
250020	Morris		J. P.			-1	2023-01-06 17:11:05.425728+00:00
250020	Rahimi		A. M.			-1	2023-01-06 17:11:05.425728+00:00
250020	Regensburger		J. J.			-1	2023-01-06 17:11:05.425728+00:00
250020	Ter-Antonyan		R.			-1	2023-01-06 17:11:05.425728+00:00
250020	Wong		Q. K.			-1	2023-01-06 17:11:05.425728+00:00
250020	Blount		N. L.			-1	2023-01-06 17:11:05.425728+00:00
250020	Brau		J.			-1	2023-01-06 17:11:05.425728+00:00
250020	Frey		R.			-1	2023-01-06 17:11:05.425728+00:00
250020	Igonkina		O.			-1	2023-01-06 17:11:05.425728+00:00
250020	Kolb		J. A.			-1	2023-01-06 17:11:05.425728+00:00
250020	Lu		M.			-1	2023-01-06 17:11:05.425728+00:00
250020	Rahmat		R.			-1	2023-01-06 17:11:05.425728+00:00
250020	Sinev		N. B.			-1	2023-01-06 17:11:05.425728+00:00
250020	Strom		D.			-1	2023-01-06 17:11:05.425728+00:00
250020	Strube		J.			-1	2023-01-06 17:11:05.425728+00:00
250020	Torrence		E.			-1	2023-01-06 17:11:05.425728+00:00
250020	Gagliardi		N.			-1	2023-01-06 17:11:05.425728+00:00
250020	Gaz		A.			-1	2023-01-06 17:11:05.425728+00:00
250020	Margoni		M.			-1	2023-01-06 17:11:05.425728+00:00
250020	Morandin		M.			-1	2023-01-06 17:11:05.425728+00:00
250020	Pompili		A.			-1	2023-01-06 17:11:05.425728+00:00
250020	Posocco		M.			-1	2023-01-06 17:11:05.425728+00:00
250020	Rotondo		M.			-1	2023-01-06 17:11:05.425728+00:00
250020	Simonetto		F.			-1	2023-01-06 17:11:05.425728+00:00
250020	Stroili		R.			-1	2023-01-06 17:11:05.425728+00:00
250020	Voci		C.			-1	2023-01-06 17:11:05.425728+00:00
250020	Ben-Haim		E.			-1	2023-01-06 17:11:05.425728+00:00
250020	Briand		H.			-1	2023-01-06 17:11:05.425728+00:00
250020	Calderini		G.			-1	2023-01-06 17:11:05.425728+00:00
250020	Chauveau		J.			-1	2023-01-06 17:11:05.425728+00:00
250020	David		P.			-1	2023-01-06 17:11:05.425728+00:00
250020	Del Buono		L.			-1	2023-01-06 17:11:05.425728+00:00
250020	De La Vaissière	Ch.	C.			-1	2023-01-06 17:11:05.425728+00:00
250020	Hamon		O.			-1	2023-01-06 17:11:05.425728+00:00
250020	Leruste	Ph.	P.			-1	2023-01-06 17:11:05.425728+00:00
250020	Malclès		J.			-1	2023-01-06 17:11:05.425728+00:00
250020	Ocariz		J.			-1	2023-01-06 17:11:05.425728+00:00
250020	Perez		A.			-1	2023-01-06 17:11:05.425728+00:00
250020	Gladney		L.			-1	2023-01-06 17:11:05.425728+00:00
250020	Biasini		M.			-1	2023-01-06 17:11:05.425728+00:00
250020	Covarelli		R.			-1	2023-01-06 17:11:05.425728+00:00
250020	Manoni		E.			-1	2023-01-06 17:11:05.425728+00:00
250020	Angelini		C.			-1	2023-01-06 17:11:05.425728+00:00
250020	Batignani		G.			-1	2023-01-06 17:11:05.425728+00:00
250020	Bettarini		S.			-1	2023-01-06 17:11:05.425728+00:00
250020	Carpinelli		M.			-1	2023-01-06 17:11:05.425728+00:00
250020	Cenci		R.			-1	2023-01-06 17:11:05.425728+00:00
250020	Cervelli		A.			-1	2023-01-06 17:11:05.425728+00:00
250020	Forti		F.			-1	2023-01-06 17:11:05.425728+00:00
250020	Giorgi		M. A.			-1	2023-01-06 17:11:05.425728+00:00
250020	Lusiani		A.			-1	2023-01-06 17:11:05.425728+00:00
250020	Marchiori		G.			-1	2023-01-06 17:11:05.425728+00:00
250020	Mazur		M. A.			-1	2023-01-06 17:11:05.425728+00:00
250020	Morganti		M.			-1	2023-01-06 17:11:05.425728+00:00
250020	Neri		N.			-1	2023-01-06 17:11:05.425728+00:00
250020	Paoloni		E.			-1	2023-01-06 17:11:05.425728+00:00
250020	Rizzo		G.			-1	2023-01-06 17:11:05.425728+00:00
250020	Walsh		J. J.			-1	2023-01-06 17:11:05.425728+00:00
250020	Haire		M.			-1	2023-01-06 17:11:05.425728+00:00
250020	Biesiada		J.			-1	2023-01-06 17:11:05.425728+00:00
250020	Elmer		P.			-1	2023-01-06 17:11:05.425728+00:00
250020	Lau		Y. P.			-1	2023-01-06 17:11:05.425728+00:00
250020	Lu		C.			-1	2023-01-06 17:11:05.425728+00:00
250020	Olsen		J.			-1	2023-01-06 17:11:05.425728+00:00
250020	Smith		A. J. S.			-1	2023-01-06 17:11:05.425728+00:00
250020	Telnov		A. V.			-1	2023-01-06 17:11:05.425728+00:00
250020	Baracchini		E.			-1	2023-01-06 17:11:05.425728+00:00
250020	Bellini		F.			-1	2023-01-06 17:11:05.425728+00:00
250020	Cavoto		G.			-1	2023-01-06 17:11:05.425728+00:00
250020	D’Orazio		A.			-1	2023-01-06 17:11:05.425728+00:00
250020	Del Re		D.			-1	2023-01-06 17:11:05.425728+00:00
250020	Di Marco		E.			-1	2023-01-06 17:11:05.425728+00:00
250020	Faccini		R.			-1	2023-01-06 17:11:05.425728+00:00
250020	Ferrarotto		F.			-1	2023-01-06 17:11:05.425728+00:00
250020	Ferroni		F.			-1	2023-01-06 17:11:05.425728+00:00
250020	Gaspero		M.			-1	2023-01-06 17:11:05.425728+00:00
250020	Jackson		P. D.			-1	2023-01-06 17:11:05.425728+00:00
250020	Gioi	L. Li	L. L.			-1	2023-01-06 17:11:05.425728+00:00
250020	Mazzoni		M. A.			-1	2023-01-06 17:11:05.425728+00:00
250020	Morganti		S.			-1	2023-01-06 17:11:05.425728+00:00
250020	Piredda		G.			-1	2023-01-06 17:11:05.425728+00:00
250020	Polci		F.			-1	2023-01-06 17:11:05.425728+00:00
250020	Renga		F.			-1	2023-01-06 17:11:05.425728+00:00
250020	Voena		C.			-1	2023-01-06 17:11:05.425728+00:00
250020	Ebert		M.			-1	2023-01-06 17:11:05.425728+00:00
250020	Schröder		H.			-1	2023-01-06 17:11:05.425728+00:00
250020	Waldi		R.			-1	2023-01-06 17:11:05.425728+00:00
250020	Adye		T.			-1	2023-01-06 17:11:05.425728+00:00
250020	Castelli		G.			-1	2023-01-06 17:11:05.425728+00:00
250020	Franek		B.			-1	2023-01-06 17:11:05.425728+00:00
250020	Olaiya		E. O.			-1	2023-01-06 17:11:05.425728+00:00
250020	Ricciardi		S.			-1	2023-01-06 17:11:05.425728+00:00
250020	Roethel		W.			-1	2023-01-06 17:11:05.425728+00:00
250020	Wilson		F. F.			-1	2023-01-06 17:11:05.425728+00:00
250020	Aleksan		R.			-1	2023-01-06 17:11:05.425728+00:00
250020	Emery		S.			-1	2023-01-06 17:11:05.425728+00:00
250020	Escalier		M.			-1	2023-01-06 17:11:05.425728+00:00
250020	Gaidot		A.			-1	2023-01-06 17:11:05.425728+00:00
250020	Ganzhur		S. F.			-1	2023-01-06 17:11:05.425728+00:00
250020	De Monchenault	G. Hamel	G. H.			-1	2023-01-06 17:11:05.425728+00:00
250020	Kozanecki		W.			-1	2023-01-06 17:11:05.425728+00:00
250020	Legendre		M.			-1	2023-01-06 17:11:05.425728+00:00
250020	Vasseur		G.			-1	2023-01-06 17:11:05.425728+00:00
250020	Yèche	Ch.	C.			-1	2023-01-06 17:11:05.425728+00:00
250020	Zito		M.			-1	2023-01-06 17:11:05.425728+00:00
250020	Chen		X. R.			-1	2023-01-06 17:11:05.425728+00:00
250020	Liu		H.			-1	2023-01-06 17:11:05.425728+00:00
250020	Park		W.			-1	2023-01-06 17:11:05.425728+00:00
250020	Purohit		M. V.			-1	2023-01-06 17:11:05.425728+00:00
250020	Wilson		J. R.			-1	2023-01-06 17:11:05.425728+00:00
250020	Allen		M. T.			-1	2023-01-06 17:11:05.425728+00:00
250020	Aston		D.			-1	2023-01-06 17:11:05.425728+00:00
250020	Bartoldus		R.			-1	2023-01-06 17:11:05.425728+00:00
250020	Bechtle		P.			-1	2023-01-06 17:11:05.425728+00:00
250020	Berger		N.			-1	2023-01-06 17:11:05.425728+00:00
250020	Claus		R.			-1	2023-01-06 17:11:05.425728+00:00
250020	Coleman		J. P.			-1	2023-01-06 17:11:05.425728+00:00
250020	Convery		M. R.			-1	2023-01-06 17:11:05.425728+00:00
250020	Dingfelder		J. C.			-1	2023-01-06 17:11:05.425728+00:00
250020	Dorfan		J.			-1	2023-01-06 17:11:05.425728+00:00
250020	Dubois-Felsmann		G. P.			-1	2023-01-06 17:11:05.425728+00:00
250020	Dujmic		D.			-1	2023-01-06 17:11:05.425728+00:00
250020	Dunwoodie		W.			-1	2023-01-06 17:11:05.425728+00:00
250020	Field		R. C.			-1	2023-01-06 17:11:05.425728+00:00
250020	Glanzman		T.			-1	2023-01-06 17:11:05.425728+00:00
250020	Gowdy		S. J.			-1	2023-01-06 17:11:05.425728+00:00
250020	Graham		M. T.			-1	2023-01-06 17:11:05.425728+00:00
250020	Grenier		P.			-1	2023-01-06 17:11:05.425728+00:00
250020	Hast		C.			-1	2023-01-06 17:11:05.425728+00:00
250020	Hryn’Ova		T.			-1	2023-01-06 17:11:05.425728+00:00
250020	Innes		W. R.			-1	2023-01-06 17:11:05.425728+00:00
250020	Kaminski		J.			-1	2023-01-06 17:11:05.425728+00:00
250020	Kelsey		M. H.			-1	2023-01-06 17:11:05.425728+00:00
250020	Kim		H.			-1	2023-01-06 17:11:05.425728+00:00
250020	Kim		P.			-1	2023-01-06 17:11:05.425728+00:00
250020	Kocian		M. L.			-1	2023-01-06 17:11:05.425728+00:00
250020	Leith		D. W. G. S.			-1	2023-01-06 17:11:05.425728+00:00
250020	Li		S.			-1	2023-01-06 17:11:05.425728+00:00
250020	Luitz		S.			-1	2023-01-06 17:11:05.425728+00:00
250020	Luth		V.			-1	2023-01-06 17:11:05.425728+00:00
250020	Lynch		H. L.			-1	2023-01-06 17:11:05.425728+00:00
250020	Macfarlane		D. B.			-1	2023-01-06 17:11:05.425728+00:00
250020	Marsiske		H.			-1	2023-01-06 17:11:05.425728+00:00
250020	Messner		R.			-1	2023-01-06 17:11:05.425728+00:00
250020	Muller		D. R.			-1	2023-01-06 17:11:05.425728+00:00
250020	O’Grady		C. P.			-1	2023-01-06 17:11:05.425728+00:00
250020	Ofte		I.			-1	2023-01-06 17:11:05.425728+00:00
250020	Perazzo		A.			-1	2023-01-06 17:11:05.425728+00:00
250020	Perl		M.			-1	2023-01-06 17:11:05.425728+00:00
250020	Pulliam		T.			-1	2023-01-06 17:11:05.425728+00:00
250020	Ratcliff		B. N.			-1	2023-01-06 17:11:05.425728+00:00
250020	Roodman		A.			-1	2023-01-06 17:11:05.425728+00:00
250020	Salnikov		A. A.			-1	2023-01-06 17:11:05.425728+00:00
250020	Schindler		R. H.			-1	2023-01-06 17:11:05.425728+00:00
250020	Schwiening		J.			-1	2023-01-06 17:11:05.425728+00:00
250020	Snyder		A.			-1	2023-01-06 17:11:05.425728+00:00
250020	Stelzer		J.			-1	2023-01-06 17:11:05.425728+00:00
250020	Su		D.			-1	2023-01-06 17:11:05.425728+00:00
250020	Sullivan		M. K.			-1	2023-01-06 17:11:05.425728+00:00
250020	Suzuki		K.			-1	2023-01-06 17:11:05.425728+00:00
250020	Swain		S. K.			-1	2023-01-06 17:11:05.425728+00:00
250020	Thompson		J. M.			-1	2023-01-06 17:11:05.425728+00:00
250020	Va’Vra		J.			-1	2023-01-06 17:11:05.425728+00:00
250020	Van Bakel		N.			-1	2023-01-06 17:11:05.425728+00:00
250020	Wagner		A. P.			-1	2023-01-06 17:11:05.425728+00:00
250020	Weaver		M.			-1	2023-01-06 17:11:05.425728+00:00
250020	Wisniewski		W. J.			-1	2023-01-06 17:11:05.425728+00:00
250020	Wittgen		M.			-1	2023-01-06 17:11:05.425728+00:00
250020	Wright		D. H.			-1	2023-01-06 17:11:05.425728+00:00
250020	Yarritu		A. K.			-1	2023-01-06 17:11:05.425728+00:00
250020	Yi		K.			-1	2023-01-06 17:11:05.425728+00:00
250020	Young		C. C.			-1	2023-01-06 17:11:05.425728+00:00
250020	Burchat		P. R.			-1	2023-01-06 17:11:05.425728+00:00
250020	Edwards		A. J.			-1	2023-01-06 17:11:05.425728+00:00
250020	Majewski		S. A.			-1	2023-01-06 17:11:05.425728+00:00
250020	Petersen		B. A.			-1	2023-01-06 17:11:05.425728+00:00
250020	Wilden		L.			-1	2023-01-06 17:11:05.425728+00:00
250020	Ahmed		S.			-1	2023-01-06 17:11:05.425728+00:00
250020	Alam		M. S.			-1	2023-01-06 17:11:05.425728+00:00
250020	Bula		R.			-1	2023-01-06 17:11:05.425728+00:00
250020	Ernst		J. A.			-1	2023-01-06 17:11:05.425728+00:00
250020	Jain		V.			-1	2023-01-06 17:11:05.425728+00:00
250020	Pan		B.			-1	2023-01-06 17:11:05.425728+00:00
250020	Saeed		M. A.			-1	2023-01-06 17:11:05.425728+00:00
250020	Wappler		F. R.			-1	2023-01-06 17:11:05.425728+00:00
250020	Zain		S. B.			-1	2023-01-06 17:11:05.425728+00:00
250020	Bugg		W.			-1	2023-01-06 17:11:05.425728+00:00
250020	Krishnamurthy		M.			-1	2023-01-06 17:11:05.425728+00:00
250020	Spanier		S. M.			-1	2023-01-06 17:11:05.425728+00:00
250020	Eckmann		R.			-1	2023-01-06 17:11:05.425728+00:00
250020	Ritchie		J. L.			-1	2023-01-06 17:11:05.425728+00:00
250020	Ruland		A. M.			-1	2023-01-06 17:11:05.425728+00:00
250020	Schilling		C. J.			-1	2023-01-06 17:11:05.425728+00:00
250020	Schwitters		R. F.			-1	2023-01-06 17:11:05.425728+00:00
250020	Izen		J. M.			-1	2023-01-06 17:11:05.425728+00:00
250020	Lou		X. C.			-1	2023-01-06 17:11:05.425728+00:00
250020	Ye		S.			-1	2023-01-06 17:11:05.425728+00:00
250020	Bianchi		F.			-1	2023-01-06 17:11:05.425728+00:00
250020	Gallo		F.			-1	2023-01-06 17:11:05.425728+00:00
250020	Gamba		D.			-1	2023-01-06 17:11:05.425728+00:00
250020	Pelliccioni		M.			-1	2023-01-06 17:11:05.425728+00:00
250020	Bomben		M.			-1	2023-01-06 17:11:05.425728+00:00
250020	Bosisio		L.			-1	2023-01-06 17:11:05.425728+00:00
250020	Cartaro		C.			-1	2023-01-06 17:11:05.425728+00:00
250020	Cossutti		F.			-1	2023-01-06 17:11:05.425728+00:00
250020	Della Ricca		G.			-1	2023-01-06 17:11:05.425728+00:00
250020	Lanceri		L.			-1	2023-01-06 17:11:05.425728+00:00
250020	Vitale		L.			-1	2023-01-06 17:11:05.425728+00:00
250020	Azzolini		V.			-1	2023-01-06 17:11:05.425728+00:00
250020	Lopez-March		N.			-1	2023-01-06 17:11:05.425728+00:00
250020	Martinez-Vidal		F.			-1	2023-01-06 17:11:05.425728+00:00
250020	Milanes		D. A.			-1	2023-01-06 17:11:05.425728+00:00
250020	Oyanguren		A.			-1	2023-01-06 17:11:05.425728+00:00
250020	Albert		J.			-1	2023-01-06 17:11:05.425728+00:00
250020	Banerjee	Sw.	S.			-1	2023-01-06 17:11:05.425728+00:00
250020	Bhuyan		B.			-1	2023-01-06 17:11:05.425728+00:00
250020	Hamano		K.			-1	2023-01-06 17:11:05.425728+00:00
250020	Kowalewski		R.			-1	2023-01-06 17:11:05.425728+00:00
250020	Nugent		I. M.			-1	2023-01-06 17:11:05.425728+00:00
250020	Roney		J. M.			-1	2023-01-06 17:11:05.425728+00:00
250020	Sobie		R. J.			-1	2023-01-06 17:11:05.425728+00:00
250020	Back		J. J.			-1	2023-01-06 17:11:05.425728+00:00
250020	Harrison		P. F.			-1	2023-01-06 17:11:05.425728+00:00
250020	Latham		T. E.			-1	2023-01-06 17:11:05.425728+00:00
250020	Mohanty		G. B.			-1	2023-01-06 17:11:05.425728+00:00
250020	Pappagallo		M.			-1	2023-01-06 17:11:05.425728+00:00
250020	Band		H. R.			-1	2023-01-06 17:11:05.425728+00:00
250020	Chen		X.			-1	2023-01-06 17:11:05.425728+00:00
250020	Dasu		S.			-1	2023-01-06 17:11:05.425728+00:00
250020	Flood		K. T.			-1	2023-01-06 17:11:05.425728+00:00
250020	Hollar		J. J.			-1	2023-01-06 17:11:05.425728+00:00
250020	Kutter		P. E.			-1	2023-01-06 17:11:05.425728+00:00
250020	Pan		Y.			-1	2023-01-06 17:11:05.425728+00:00
250020	Pierini		M.			-1	2023-01-06 17:11:05.425728+00:00
250020	Prepost		R.			-1	2023-01-06 17:11:05.425728+00:00
250020	Wu		S. L.			-1	2023-01-06 17:11:05.425728+00:00
250020	Yu		Z.			-1	2023-01-06 17:11:05.425728+00:00
250020	Neal		H.			-1	2023-01-06 17:11:05.425728+00:00
250021	Casagrande	Vanessa	V.			-1	2023-01-06 17:11:05.425728+00:00
250021	Togashi	Yuichi	Y.			-1	2023-01-06 17:11:05.425728+00:00
250021	Mikhailov	Alexander S.	A. S.			-1	2023-01-06 17:11:05.425728+00:00
250022	Malham	Simon J. A.	S. J. A.			-1	2023-01-06 17:11:05.425728+00:00
250022	Wiese	Anke	A.			-1	2023-01-06 17:11:05.425728+00:00
250023	Loukitcheva		M. A.			-1	2023-01-06 17:11:05.425728+00:00
250023	Solanki		S. K.			-1	2023-01-06 17:11:05.425728+00:00
250023	White		S.			-1	2023-01-06 17:11:05.425728+00:00
250024	Serga		A. A.			-1	2023-01-06 17:11:05.425728+00:00
250024	Kostylev		M.			-1	2023-01-06 17:11:05.425728+00:00
250024	Hillebrands		B.			-1	2023-01-06 17:11:05.425728+00:00
250025	Mishchenko		A. S.			-1	2023-01-06 17:11:05.425728+00:00
250025	Nagaosa		N.			-1	2023-01-06 17:11:05.425728+00:00
250026	de Marrais	Robert P. C.	R. P. C.			-1	2023-01-06 17:11:05.425728+00:00
250027	Goerbig		M. O.			-1	2023-01-06 17:11:05.425728+00:00
250027	Fuchs		J.-N.			-1	2023-01-06 17:11:05.425728+00:00
250027	Kechedzhi		K.			-1	2023-01-06 17:11:05.425728+00:00
250027	Fal'ko	Vladimir I.	V. I.			-1	2023-01-06 17:11:05.425728+00:00
250027	Fal’Ko	Vladimir I.	V. I.			-1	2023-01-06 17:11:05.425728+00:00
250028	Frenkel	Péter E.	P. E.			-1	2023-01-06 17:11:05.425728+00:00
250029	Shu	Zhan	Z.			-1	2023-01-06 17:11:05.425728+00:00
250029	Chen	Xiao-Lin	X.-L.			-1	2023-01-06 17:11:05.425728+00:00
250029	Deng	Wei-Zhen	W.-Z.			-1	2023-01-06 17:11:05.425728+00:00
250030	Hague		J. P.			-1	2023-01-06 17:11:05.425728+00:00
250030	d'Ambrumenil		N.			-1	2023-01-06 17:11:05.425728+00:00
250030	D’Ambrumenil		N.			-1	2023-01-06 17:11:05.425728+00:00
250031	Biryukov		V. M.			-1	2023-01-06 17:11:05.425728+00:00
250031	Biryukov		V.			-1	2023-01-06 17:11:05.425728+00:00
250032	Esteban-Pretel		A.			-1	2023-01-06 17:11:05.425728+00:00
250032	Tomàs		R.			-1	2023-01-06 17:11:05.425728+00:00
250032	Valle		J. W. F.			-1	2023-01-06 17:11:05.425728+00:00
250033	Yurkin	Maxim A.	M. A.			-1	2023-01-06 17:11:05.425728+00:00
250033	Maltsev	Valeri P.	V. P.			-1	2023-01-06 17:11:05.425728+00:00
250033	Hoekstra	Alfons G.	A. G.			-1	2023-01-06 17:11:05.425728+00:00
250034	Ogryzko	Vasily	V.			-1	2023-01-06 17:11:05.425728+00:00
250035	Yurkin	Maxim A.	M. A.			-1	2023-01-06 17:11:05.425728+00:00
250035	Maltsev	Valeri P.	V. P.			-1	2023-01-06 17:11:05.425728+00:00
250035	Hoekstra	Alfons G.	A. G.			-1	2023-01-06 17:11:05.425728+00:00
250036	Wang	Liming	L.			-1	2023-01-06 17:11:05.425728+00:00
250036	Sontag	Eduardo D.	E. D.			-1	2023-01-06 17:11:05.425728+00:00
250037	Yurkin	Maxim A.	M. A.			-1	2023-01-06 17:11:05.425728+00:00
250037	Maltsev	Valeri P.	V. P.			-1	2023-01-06 17:11:05.425728+00:00
250037	Hoekstra	Alfons G.	A. G.			-1	2023-01-06 17:11:05.425728+00:00
250038	Yurkin	Maxim A.	M. A.			-1	2023-01-06 17:11:05.425728+00:00
250038	Hoekstra	Alfons G.	A. G.			-1	2023-01-06 17:11:05.425728+00:00
250039	Oller	Jose A.	J. A.			-1	2023-01-06 17:11:05.425728+00:00
250039	Roca	Luis	L.			-1	2023-01-06 17:11:05.425728+00:00
250040	Popa	Mihai	M.			-1	2023-01-06 17:11:05.425728+00:00
250041	Goswami	Debashish	D.			-1	2023-01-06 17:11:05.425728+00:00
250042	Licata	Ignazio	I.			-1	2023-01-06 17:11:05.425728+00:00
250043	Brownlee		R. A.			-1	2023-01-06 17:11:05.425728+00:00
250043	Gorban		A. N.			-1	2023-01-06 17:11:05.425728+00:00
250043	Levesley		J.			-1	2023-01-06 17:11:05.425728+00:00
250044	Schekochihin		A. A.			-1	2023-01-06 17:11:05.425728+00:00
250044	Cowley		S. C.			-1	2023-01-06 17:11:05.425728+00:00
250044	Dorland		W.			-1	2023-01-06 17:11:05.425728+00:00
250044	Hammett		G. W.			-1	2023-01-06 17:11:05.425728+00:00
250044	Howes		G. G.			-1	2023-01-06 17:11:05.425728+00:00
250044	Quataert		E.			-1	2023-01-06 17:11:05.425728+00:00
250044	Tatsuno		T.			-1	2023-01-06 17:11:05.425728+00:00
250045	El		G. A.			-1	2023-01-06 17:11:05.425728+00:00
250045	Grimshaw		R. H. J.			-1	2023-01-06 17:11:05.425728+00:00
250045	Kamchatnov		A. M.			-1	2023-01-06 17:11:05.425728+00:00
250046	Csiszar		I.			-1	2023-01-06 17:11:05.425728+00:00
250046	Hiai		F.			-1	2023-01-06 17:11:05.425728+00:00
250046	Petz		D.			-1	2023-01-06 17:11:05.425728+00:00
250046	Csiszár	Imre	I.			-1	2023-01-06 17:11:05.425728+00:00
250047	Kosel		T.			-1	2023-01-06 17:11:05.425728+00:00
250047	Grabec		I.			-1	2023-01-06 17:11:05.425728+00:00
250048	Stroeer	Alexander	A.			-1	2023-01-06 17:11:05.425728+00:00
250048	Veitch	John	J.			-1	2023-01-06 17:11:05.425728+00:00
250048	Roever	Christian	C.			-1	2023-01-06 17:11:05.425728+00:00
250048	Bloomer	Ed	E.			-1	2023-01-06 17:11:05.425728+00:00
250048	Clark	James	J.			-1	2023-01-06 17:11:05.425728+00:00
250048	Christensen	Nelson	N.			-1	2023-01-06 17:11:05.425728+00:00
250048	Hendry	Martin	M.			-1	2023-01-06 17:11:05.425728+00:00
250048	Messenger	Chris	C.			-1	2023-01-06 17:11:05.425728+00:00
250048	Meyer	Renate	R.			-1	2023-01-06 17:11:05.425728+00:00
250048	Pitkin	Matthew	M.			-1	2023-01-06 17:11:05.425728+00:00
250048	Toher	Jennifer	J.			-1	2023-01-06 17:11:05.425728+00:00
250048	Umstaetter	Richard	R.			-1	2023-01-06 17:11:05.425728+00:00
250048	Vecchio	Alberto	A.			-1	2023-01-06 17:11:05.425728+00:00
250048	Woan	Graham	G.			-1	2023-01-06 17:11:05.425728+00:00
250049	Øbro	Mikkel	M.			-1	2023-01-06 17:11:05.425728+00:00
250050	Kosel		T.			-1	2023-01-06 17:11:05.425728+00:00
250050	Grabec		I.			-1	2023-01-06 17:11:05.425728+00:00
